{"gestureName":"1213","tipDistances":[60.070179791057726,22.200807426983367,41.91507379869442,44.19669448194062],"fingerAnglesVertical":[[16.122975885232258,8.863154007392916,6.945833496613965,6.453740721306569],[11.402312274411285,2.9425539217687215,-19.099829751099417,-35.788143194416456],[12.57961271559372,6.231392279434891,-16.63071627575219,-34.311855122241475],[13.415372359879854,9.134234050131452,-13.232964692307585,-30.76433291316964],[16.192648764492073,12.076119401196493,-8.69954476231006,-25.413384565558005]],"fingerAnglesHorizontal":[[-40.777083968702485,-40.6781362245529,-31.752012459712052,-29.581161600421243],[-24.14440489716636,-19.87479493763529,-15.317406651572725,-10.325957804376564],[-16.297627411345914,-18.46444416328458,-18.185957995188026,-15.936449205095409],[-7.647433111838708,-3.5247734761760676,-6.804559492551446,-8.674102944970294],[0.29535119986092523,17.325214551299123,8.920216068666768,1.1924231105988097]]}