{"gestureName":"","tipDistances":[54.38557559805542,22.382434203857276,43.05877503715124,38.73877534576952],"fingerAnglesVertical":[[17.631744628528487,-1.8596887534160425,-1.3225667335280107,-2.1740661217298274],[7.885909838822135,0.7758425758868314,-32.22117645693954,-57.45509770586904],[6.81073690358523,4.899635006570904,-24.917309064986625,-47.883436666676296],[5.298037907014123,1.9110435598936892,-22.079999327940364,-40.64892184541273],[6.021171809906187,-2.2666337110111536,-17.14483199656517,-28.612163092962184]],"fingerAnglesHorizontal":[[-13.124806173399453,-6.542834283560638,-7.568762753871302,-5.941617235382212],[2.0522630411968805,6.847085471663972,1.7208853353284153,-2.7084235750219103],[9.859170639400697,8.94904131710505,-0.84594524632904,-8.576743936158813],[18.423063227876955,25.184103437430405,13.313903482899152,2.151114789871755],[26.72686169993514,38.12535470107837,26.630189959450348,16.33339793361667]]}